<?xml version="1.0" encoding="UTF-8"?>
<metadata xml:lang="en"><Esri><CreaDate>20240906</CreaDate><CreaTime>23285100</CreaTime><ArcGISFormat>1.0</ArcGISFormat><SyncOnce>TRUE</SyncOnce><DataProperties><lineage><Process ToolSource="c:\program files (x86)\arcgis\desktop10.8\ArcToolbox\Toolboxes\Spatial Analyst Tools.tbx\ExtractValuesToPoints" Date="20240906" Time="232851">ExtractValuesToPoints Factors_Final2 Risk.tif "D:\Research\2_Pre-submission Stage\CCC_LULC\CCC_LULC\3_Data\Processed\Drivers_LU\Factors_Final3.shp" NONE VALUE_ONLY</Process><Process ToolSource="c:\program files (x86)\arcgis\desktop10.8\ArcToolbox\Toolboxes\Data Management Tools.tbx\CalculateField" Date="20240917" Time="225410">CalculateField Factors_Final3 AspHaz "!Aspect!+" "+ !HazRisk!" PYTHON_9.3 #</Process><Process ToolSource="c:\program files\arcgis\pro\Resources\ArcToolbox\Toolboxes\Data Management Tools.tbx\DeleteField" Date="20250514" Time="165333">DeleteField Factors_Final3 HazRVal DELETE_FIELDS</Process><Process ToolSource="c:\program files\arcgis\pro\Resources\ArcToolbox\Toolboxes\Data Management Tools.tbx\DeleteField" Date="20250514" Time="165339">DeleteField Factors_Final3 AspHaz DELETE_FIELDS</Process></lineage></DataProperties></Esri></metadata>
